<?xml version="1.0" encoding="UTF-8" ?>
<!DOCTYPE configuration
  PUBLIC "-//mybatis.org//DTD Config 3.0//EN"
  "https://mybatis.org/dtd/mybatis-3-config.dtd">
<configuration>
  <environments default="development">
    <environment id="development">
      <transactionManager type="JDBC"/>
      <dataSource type="POOLED">
        <property name="driver" value="oracle.jdbc.OracleDriver"/>
        <!-- nam3324.synology.me 포트번호 : 32800 아이디 : c##ott 비밀번호 : 123456 -->
        <property name="url" value="jdbc:oracle:thin:@127.0.0.1:32800/xe"/>
        <property name="username" value="c##ott"/>
        <property name="password" value="123456"/>
      </dataSource>
    </environment>
  </environments>
  <mappers>
    <mapper resource="config/member-mapper.xml"/>
  </mappers>
</configuration>